{"cameraMode":{"drawMode":0,"name":"Shaded","section":"Shading Mode"},"sceneLighting":false,"audioPlay":false,"sceneViewState":{"showFog":true,"showMaterialUpdate":false,"showSkybox":true,"showFlares":true,"showImageEffects":true,"showParticleSystems":true},"in2DMode":false,"pivot":{"x":589.9852905273438,"y":55.260276794433597,"z":723.0247192382813},"rotation":{"x":0.004231404513120651,"y":-0.9498467445373535,"z":0.003662878181785345,"w":0.3141002655029297},"size":18.758668899536134,"orthographic":false}