{"cameraMode":{"drawMode":0,"name":"Shaded","section":"Shading Mode"},"sceneLighting":false,"audioPlay":false,"sceneViewState":{"showFog":true,"showMaterialUpdate":false,"showSkybox":true,"showFlares":true,"showImageEffects":true,"showParticleSystems":true},"in2DMode":false,"pivot":{"x":636.2186279296875,"y":39.502967834472659,"z":717.1154174804688},"rotation":{"x":-0.01919439435005188,"y":-0.9783849716186523,"z":0.1530812829732895,"w":-0.14092695713043214},"size":72.67840576171875,"orthographic":false}