{"cameraMode":{"drawMode":0,"name":"Shaded","section":"Shading Mode"},"sceneLighting":false,"audioPlay":false,"sceneViewState":{"showFog":false,"showMaterialUpdate":true,"showSkybox":false,"showFlares":true,"showImageEffects":true,"showParticleSystems":true},"in2DMode":false,"pivot":{"x":9.430659294128418,"y":12.298696517944336,"z":765.99658203125},"rotation":{"x":-0.10960745066404343,"y":-0.8884363770484924,"z":0.34481728076934817,"w":-0.28244176506996157},"size":10.26660442352295,"orthographic":false}