{"cameraMode":{"drawMode":0,"name":"Shaded","section":"Shading Mode"},"sceneLighting":false,"audioPlay":false,"sceneViewState":{"showFog":true,"showMaterialUpdate":false,"showSkybox":true,"showFlares":true,"showImageEffects":true,"showParticleSystems":true},"in2DMode":false,"pivot":{"x":641.8373413085938,"y":20.41419219970703,"z":635.80517578125},"rotation":{"x":0.49274829030036929,"y":0.10364917665719986,"z":-0.05925795063376427,"w":0.8619874715805054},"size":1.6201002597808838,"orthographic":false}