{"cameraMode":{"drawMode":0,"name":"Shaded","section":"Shading Mode"},"sceneLighting":false,"audioPlay":false,"sceneViewState":{"showFog":false,"showMaterialUpdate":true,"showSkybox":true,"showFlares":true,"showImageEffects":true,"showParticleSystems":true},"in2DMode":false,"pivot":{"x":611.3521728515625,"y":22.184417724609376,"z":694.6323852539063},"rotation":{"x":-0.05754213035106659,"y":-0.3389711081981659,"z":0.020779335871338846,"w":-0.9388127326965332},"size":24.76651382446289,"orthographic":false}