{"cameraMode":{"drawMode":0,"name":"Shaded","section":"Shading Mode"},"sceneLighting":false,"audioPlay":false,"sceneViewState":{"showFog":true,"showMaterialUpdate":false,"showSkybox":true,"showFlares":true,"showImageEffects":true,"showParticleSystems":true},"in2DMode":false,"pivot":{"x":343.19390869140627,"y":86.85655975341797,"z":-43.438446044921878},"rotation":{"x":-0.18854780495166779,"y":-0.1563832014799118,"z":0.03174527734518051,"w":-0.9694200754165649},"size":-0.7443372011184692,"orthographic":false}