{"cameraMode":{"drawMode":0,"name":"Shaded","section":"Shading Mode"},"sceneLighting":false,"audioPlay":false,"sceneViewState":{"showFog":true,"showMaterialUpdate":false,"showSkybox":true,"showFlares":true,"showImageEffects":true,"showParticleSystems":true},"in2DMode":false,"pivot":{"x":684.62060546875,"y":24.91766357421875,"z":658.0972290039063},"rotation":{"x":-0.09931298345327378,"y":0.6052498817443848,"z":-0.07513635605573654,"w":-0.7867133021354675},"size":49.91081619262695,"orthographic":false}