{"cameraMode":{"drawMode":0,"name":"Shaded","section":"Shading Mode"},"sceneLighting":false,"audioPlay":false,"sceneViewState":{"showFog":true,"showMaterialUpdate":false,"showSkybox":true,"showFlares":true,"showImageEffects":true,"showParticleSystems":true},"in2DMode":false,"pivot":{"x":196.5852508544922,"y":16.378807067871095,"z":446.5727233886719},"rotation":{"x":-0.034206271171569827,"y":0.9620192646980286,"z":-0.2385682761669159,"w":-0.13110686838626862},"size":18.758668899536134,"orthographic":false}