{"cameraMode":{"drawMode":0,"name":"Shaded","section":"Shading Mode"},"sceneLighting":false,"audioPlay":false,"sceneViewState":{"showFog":true,"showMaterialUpdate":false,"showSkybox":true,"showFlares":true,"showImageEffects":true,"showParticleSystems":true},"in2DMode":false,"pivot":{"x":644.0379028320313,"y":9.042193412780762,"z":668.6644897460938},"rotation":{"x":-0.04726998507976532,"y":0.20472021400928498,"z":-0.009876322001218796,"w":-0.9776679873466492},"size":1.6201002597808838,"orthographic":false}