{"cameraMode":{"drawMode":0,"name":"Shaded","section":"Shading Mode"},"sceneLighting":false,"audioPlay":false,"sceneViewState":{"showFog":true,"showMaterialUpdate":false,"showSkybox":true,"showFlares":true,"showImageEffects":true,"showParticleSystems":true},"in2DMode":false,"pivot":{"x":694.1396484375,"y":3.1225128173828127,"z":651.1687622070313},"rotation":{"x":0.20593027770519257,"y":0.36018580198287966,"z":-0.0830003172159195,"w":0.9064856767654419},"size":437.54986572265627,"orthographic":false}