{"cameraMode":{"drawMode":0,"name":"Shaded","section":"Shading Mode"},"sceneLighting":false,"audioPlay":false,"sceneViewState":{"showFog":true,"showMaterialUpdate":false,"showSkybox":true,"showFlares":true,"showImageEffects":true,"showParticleSystems":true},"in2DMode":false,"pivot":{"x":710.3821411132813,"y":-16.527198791503908,"z":427.5266418457031},"rotation":{"x":-0.022966109216213228,"y":-0.9620978236198425,"z":0.08566807210445404,"w":-0.2578904926776886},"size":173.84906005859376,"orthographic":false}