{"cameraMode":{"drawMode":0,"name":"Shaded","section":"Shading Mode"},"sceneLighting":false,"audioPlay":false,"sceneViewState":{"showFog":false,"showMaterialUpdate":true,"showSkybox":false,"showFlares":true,"showImageEffects":true,"showParticleSystems":true},"in2DMode":false,"pivot":{"x":-42.208194732666019,"y":251.53199768066407,"z":590.5236206054688},"rotation":{"x":-0.10960716009140015,"y":-0.8884340524673462,"z":0.3448163866996765,"w":-0.28244102001190188},"size":467.2843322753906,"orthographic":false}