{"cameraMode":{"drawMode":0,"name":"Shaded","section":"Shading Mode"},"sceneLighting":false,"audioPlay":false,"sceneViewState":{"showFog":false,"showMaterialUpdate":true,"showSkybox":false,"showFlares":true,"showImageEffects":true,"showParticleSystems":true},"in2DMode":false,"pivot":{"x":70.59674835205078,"y":13.979999542236329,"z":880.8160400390625},"rotation":{"x":0.18709874153137208,"y":0.8023356199264526,"z":-0.32168230414390566,"w":0.4666607677936554},"size":180.10699462890626,"orthographic":false}