{"cameraMode":{"drawMode":0,"name":"Shaded","section":"Shading Mode"},"sceneLighting":false,"audioPlay":false,"sceneViewState":{"showFog":true,"showMaterialUpdate":false,"showSkybox":true,"showFlares":true,"showImageEffects":true,"showParticleSystems":true},"in2DMode":false,"pivot":{"x":143.36448669433595,"y":-128.40908813476563,"z":485.83935546875},"rotation":{"x":-0.3452882468700409,"y":0.29309675097465517,"z":-0.11448179185390473,"w":-0.8841882944107056},"size":173.84906005859376,"orthographic":false}