{"cameraMode":{"drawMode":0,"name":"Shaded","section":"Shading Mode"},"sceneLighting":false,"audioPlay":false,"sceneViewState":{"showFog":true,"showMaterialUpdate":false,"showSkybox":true,"showFlares":true,"showImageEffects":true,"showParticleSystems":true},"in2DMode":false,"pivot":{"x":261.77978515625,"y":75.26419830322266,"z":252.81591796875},"rotation":{"x":0.007221403531730175,"y":-0.2911946475505829,"z":-0.000989866559393704,"w":-0.957024872303009},"size":42.2039680480957,"orthographic":false}