{"cameraMode":{"drawMode":0,"name":"Shaded","section":"Shading Mode"},"sceneLighting":false,"audioPlay":false,"sceneViewState":{"showFog":true,"showMaterialUpdate":false,"showSkybox":true,"showFlares":true,"showImageEffects":true,"showParticleSystems":true},"in2DMode":false,"pivot":{"x":631.2062377929688,"y":8.43339729309082,"z":659.7055053710938},"rotation":{"x":0.004514525178819895,"y":-0.9906914830207825,"z":0.13185018301010133,"w":0.03417704626917839},"size":29.993501663208009,"orthographic":false}