{"cameraMode":{"drawMode":0,"name":"Shaded","section":"Shading Mode"},"sceneLighting":false,"audioPlay":false,"sceneViewState":{"showFog":true,"showMaterialUpdate":false,"showSkybox":true,"showFlares":true,"showImageEffects":true,"showParticleSystems":true},"in2DMode":false,"pivot":{"x":-235.28564453125,"y":98.36102294921875,"z":-196.5271759033203},"rotation":{"x":-0.0925249308347702,"y":0.7213627696037293,"z":-0.09618391841650009,"w":-0.6801195740699768},"size":7.9435906410217289,"orthographic":false}