{"cameraMode":{"drawMode":0,"name":"Shaded","section":"Shading Mode"},"sceneLighting":false,"audioPlay":false,"sceneViewState":{"showFog":true,"showMaterialUpdate":false,"showSkybox":true,"showFlares":true,"showImageEffects":true,"showParticleSystems":true},"in2DMode":false,"pivot":{"x":230.7198028564453,"y":46.215797424316409,"z":336.96337890625},"rotation":{"x":-0.05043455958366394,"y":-0.29394078254699709,"z":0.015576447360217572,"w":-0.9543934464454651},"size":10.0,"orthographic":false}